input 1: successful attacks = 1, inputs = [['36']], input deviations = [['19.971601864762302']], output change = ['15.430289229615653'], times = [0.0012507438659667969], max_time = 0.0012507438659667969
input 2: successful attacks = 3, inputs = [['36'], ['67'], ['72']], input deviations = [['19.975354500262338'], ['10.227071379420709'], ['8.647628258312162']], output change = ['15.433188558949922', '10.01649162665501', '10.01649162665501'], times = [0.0011775493621826172, 0.0016224384307861328, 0.0014717578887939453], max_time = 0.0016224384307861328
input 3: successful attacks = 2, inputs = [['36'], ['39']], input deviations = [['19.975413302792386'], ['19.47854506450573']], output change = ['15.433233990460792', '14.702809291039102'], times = [0.0011646747589111328, 0.0034203529357910156], max_time = 0.0034203529357910156
input 4: successful attacks = 8, inputs = [['36'], ['37'], ['40'], ['52'], ['63'], ['66'], ['67'], ['72']], input deviations = [['19.975175248670524'], ['9.277617763719496'], ['7.439847280739806'], ['19.967106074183278'], ['19.7043770841877'], ['5.855226165984163'], ['19.929576996235696'], ['9.17686135851642']], output change = ['15.43305006710915', '10.956541405117349', '11.198125633345114', '11.39749071585527', '12.490655969519992', '13.564673039158379', '13.748304291886626', '10.956541405117349'], times = [0.0011875629425048828, 0.0014526844024658203, 0.0015377998352050781, 0.0011703968048095703, 0.004575967788696289, 0.005124092102050781, 0.003261089324951172, 0.0014302730560302734], max_time = 0.005124092102050781
input 5: successful attacks = 15, inputs = [['36'], ['37'], ['40'], ['44'], ['47'], ['50'], ['51'], ['52'], ['61'], ['63'], ['66'], ['67'], ['69'], ['72'], ['73']], input deviations = [['19.97605490108549'], ['8.037065851715205'], ['12.818029113704377'], ['19.140199476237225'], ['9.319801477764452'], ['3.233645021968412'], ['4.211593183609946'], ['19.968501814659724'], ['3.6115339243060784'], ['3.982431574188847'], ['3.972198638671607'], ['14.713179897336936'], ['5.930869068990706'], ['8.883871140089768'], ['4.815463369839198']], output change = ['15.433729696679109', '14.38102836867148', '10.718207510589991', '14.38102836867148', '12.720558139447377', '13.434116128557775', '13.43449083343691', '10.227510058684686', '14.381028368671451', '14.381028368671451', '13.061767282203022', '14.38102836867148', '13.939599204842523', '14.38102836867148', '12.949139170704257'], times = [0.001146554946899414, 0.001344442367553711, 0.0015399456024169922, 0.0020248889923095703, 0.001870870590209961, 0.0032701492309570312, 0.0047762393951416016, 0.002437591552734375, 0.004748821258544922, 0.004045963287353516, 0.005606651306152344, 0.0014119148254394531, 0.004149436950683594, 0.0013458728790283203, 0.005845308303833008], max_time = 0.005845308303833008
input 6: successful attacks = 7, inputs = [['36'], ['38'], ['39'], ['45'], ['62'], ['67'], ['73']], input deviations = [['19.97591161677815'], ['15.020224832660668'], ['19.97536505880449'], ['19.9868234255757'], ['19.985363416560567'], ['19.975083106912646'], ['10.41352829110233']], output change = ['15.433618993575578', '14.790762855071222', '15.060536736993555', '30.51828726405097', '26.990285339635932', '14.875033469120694', '14.262325669031014'], times = [0.0012094974517822266, 0.0019593238830566406, 0.0011446475982666016, 0.001161336898803711, 0.0015053749084472656, 0.002046346664428711, 0.003754854202270508], max_time = 0.003754854202270508
input 7: successful attacks = 1, inputs = [['36']], input deviations = [['19.97534529988369']], output change = ['15.43318145063165'], times = [0.001173257827758789], max_time = 0.001173257827758789
input 8: successful attacks = 1, inputs = [['36']], input deviations = [['19.973421611045666']], output change = ['15.431695186517203'], times = [0.0011811256408691406], max_time = 0.0011811256408691406
input 9: successful attacks = 1, inputs = [['36']], input deviations = [['19.975568622571966']], output change = ['15.43335399230827'], times = [0.0011560916900634766], max_time = 0.0011560916900634766
input 10: successful attacks = 4, inputs = [['36'], ['52'], ['67'], ['73']], input deviations = [['19.97508256153407'], ['19.96371534365297'], ['19.836339557051772'], ['4.818719848641552']], output change = ['15.432978455961887', '10.3102408054298', '16.18194193730281', '11.336137189332192'], times = [0.0011692047119140625, 0.0018239021301269531, 0.003912687301635742, 0.0034570693969726562], max_time = 0.003912687301635742
input 11: successful attacks = 7, inputs = [['36'], ['38'], ['52'], ['67'], ['71'], ['72'], ['73']], input deviations = [['19.975461998882885'], ['10.929033774829218'], ['19.92989456806745'], ['15.066735701064811'], ['19.96844618616478'], ['12.739867023048866'], ['12.65761413440421']], output change = ['15.43327161362015', '11.017133692614578', '16.81006005493643', '13.472412326146952', '11.76541639013638', '13.472412326146952', '20.13421205409935'], times = [0.0012423992156982422, 0.002237558364868164, 0.0050983428955078125, 0.001453399658203125, 0.001154184341430664, 0.0014374256134033203, 0.004092693328857422], max_time = 0.0050983428955078125
input 12: successful attacks = 5, inputs = [['36'], ['38'], ['52'], ['67'], ['73']], input deviations = [['19.976269832992017'], ['12.607415028298703'], ['19.93326484507947'], ['19.84659234044523'], ['9.909533272699527']], output change = ['15.433895755541045', '18.446801686265644', '13.872092143634006', '13.248798447593629', '18.79073881779763'], times = [0.0011477470397949219, 0.005392789840698242, 0.00171661376953125, 0.0032949447631835938, 0.004384279251098633], max_time = 0.005392789840698242
input 13: successful attacks = 1, inputs = [['36']], input deviations = [['19.97503081541086']], output change = ['15.432938476312074'], times = [0.0011959075927734375], max_time = 0.0011959075927734375
input 14: successful attacks = 1, inputs = [['36']], input deviations = [['19.974439546981703']], output change = ['15.432481655525379'], times = [0.0011556148529052734], max_time = 0.0011556148529052734
input 15: successful attacks = 1, inputs = [['36']], input deviations = [['19.97554788456718']], output change = ['15.433337969887333'], times = [0.0012004375457763672], max_time = 0.0012004375457763672
input 16: successful attacks = 1, inputs = [['36']], input deviations = [['19.974928486739934']], output change = ['15.432859416004192'], times = [0.0011706352233886719], max_time = 0.0011706352233886719
input 17: successful attacks = 4, inputs = [['36'], ['39'], ['45'], ['62']], input deviations = [['19.9737564469979'], ['19.97322629080719'], ['19.83668969193373'], ['19.973193744707896']], output change = ['15.43195388462371', '14.533194049206031', '29.76331486025441', '20.345803048483162'], times = [0.0011506080627441406, 0.0013318061828613281, 0.0017011165618896484, 0.005009651184082031], max_time = 0.005009651184082031
input 18: successful attacks = 10, inputs = [['36'], ['40'], ['50'], ['52'], ['61'], ['63'], ['64'], ['66'], ['67'], ['73']], input deviations = [['19.97379652094538'], ['14.035425882598227'], ['6.3058454230848335'], ['19.96513360953957'], ['3.9500327027784268'], ['19.870582260281935'], ['15.924161326566514'], ['6.755631428636093'], ['19.826308133441746'], ['5.266790007896133']], output change = ['15.431984846216352', '17.006318293624133', '17.41418708111732', '12.003247377062053', '15.598595903304727', '18.91117652584356', '18.13030262711112', '21.84499026001484', '18.09060963832718', '16.050180464711786'], times = [0.0011725425720214844, 0.004370689392089844, 0.0064046382904052734, 0.0018701553344726562, 0.0049664974212646484, 0.0034999847412109375, 0.0042078495025634766, 0.0033915042877197266, 0.0029277801513671875, 0.0016870498657226562], max_time = 0.0064046382904052734
input 19: successful attacks = 4, inputs = [['36'], ['39'], ['45'], ['62']], input deviations = [['19.972937926240387'], ['19.972317786861634'], ['18.064450243743124'], ['19.972605329914025']], output change = ['15.431321486075348', '15.058239229493353', '27.58297654745155', '18.57996451940855'], times = [0.001163482666015625, 0.0011515617370605469, 0.0015437602996826172, 0.0013856887817382812], max_time = 0.0015437602996826172
input 20: successful attacks = 3, inputs = [['36'], ['62'], ['67']], input deviations = [['19.97316184481632'], ['8.00451421589888'], ['19.82699864810661']], output change = ['15.431494488141794', '11.131552790623914', '12.371692565199567'], times = [0.0011980533599853516, 0.0020542144775390625, 0.0050814151763916016], max_time = 0.0050814151763916016
input 21: successful attacks = 7, inputs = [['36'], ['52'], ['63'], ['66'], ['67'], ['72'], ['73']], input deviations = [['19.97542602641721'], ['19.96422916963977'], ['19.763746197937365'], ['7.281325150496394'], ['19.92766059334517'], ['11.408014178902324'], ['4.9879518636604985']], output change = ['15.433243820879682', '10.310506170346315', '10.813530825003', '12.52077462043627', '20.858846630807278', '13.255674641674574', '15.189084212381516'], times = [0.0011529922485351562, 0.0011837482452392578, 0.0013458728790283203, 0.005408763885498047, 0.003651857376098633, 0.006142854690551758, 0.004930019378662109], max_time = 0.006142854690551758
input 22: successful attacks = 8, inputs = [['36'], ['38'], ['39'], ['45'], ['52'], ['62'], ['67'], ['73']], input deviations = [['19.97280513031054'], ['13.6926645317738'], ['19.97218170501111'], ['18.179909183910056'], ['19.92433808337897'], ['19.98358622105162'], ['19.823155012100504'], ['9.492980864344231']], output change = ['15.431218886413149', '17.748012280753102', '15.058136629831068', '27.759273151878915', '11.416595621663788', '26.987885232473104', '14.154110462783905', '17.266103578378647'], times = [0.001188039779663086, 0.001985788345336914, 0.001149892807006836, 0.0015583038330078125, 0.0014002323150634766, 0.0017931461334228516, 0.0032622814178466797, 0.005080223083496094], max_time = 0.005080223083496094
input 23: successful attacks = 3, inputs = [['36'], ['39'], ['54']], input deviations = [['19.972544696168313'], ['11.92237686471762'], ['16.743836322422254']], output change = ['15.431017672000507', '11.397287897890777', '12.07466048416154'], times = [0.0012180805206298828, 0.003070831298828125, 0.005808830261230469], max_time = 0.005808830261230469
input 24: successful attacks = 3, inputs = [['36'], ['52'], ['73']], input deviations = [['19.97376336206641'], ['19.960706697722706'], ['19.46081297533386']], output change = ['15.431959227285262', '15.654522003835467', '11.631424877571277'], times = [0.0012097358703613281, 0.0035185813903808594, 0.0017626285552978516], max_time = 0.0035185813903808594
input 25: successful attacks = 1, inputs = [['36']], input deviations = [['19.97401474847352']], output change = ['15.432153451313837'], times = [0.0011649131774902344], max_time = 0.0011649131774902344
input 26: successful attacks = 9, inputs = [['36'], ['40'], ['52'], ['61'], ['63'], ['66'], ['67'], ['72'], ['73']], input deviations = [['19.974288696935517'], ['9.634725129411692'], ['19.962494594594077'], ['2.714506411434801'], ['19.750323718941534'], ['13.546356683897258'], ['19.926127801232738'], ['19.943322036769587'], ['3.6198334269072783']], output change = ['15.432365107045314', '14.513845538603277', '10.48066746553286', '10.186450540740168', '12.549597004881235', '17.06018755661347', '16.209220698102854', '10.128085361647692', '10.614086731359492'], times = [0.0011749267578125, 0.0048236846923828125, 0.0014190673828125, 0.001649618148803711, 0.0018553733825683594, 0.004341602325439453, 0.005479574203491211, 0.0014965534210205078, 0.0018854141235351562], max_time = 0.005479574203491211
input 27: successful attacks = 1, inputs = [['36']], input deviations = [['19.974404864824812']], output change = ['15.43245485969237'], times = [0.0011563301086425781], max_time = 0.0011563301086425781
input 28: successful attacks = 1, inputs = [['36']], input deviations = [['19.973476892072153']], output change = ['15.43173789727382'], times = [0.001211404800415039], max_time = 0.001211404800415039
input 29: successful attacks = 8, inputs = [['36'], ['39'], ['40'], ['45'], ['54'], ['56'], ['62'], ['66']], input deviations = [['19.971984526120544'], ['19.98314312327029'], ['19.765144971203938'], ['14.697555450537877'], ['19.965581440344405'], ['16.306454093055173'], ['19.9743745392623'], ['19.24536683335744']], output change = ['15.430584878180781', '27.035175110494293', '12.096807122713102', '27.06666381643481', '12.378874355161628', '11.961087400995353', '16.99361638244315', '22.96744586452067'], times = [0.0011868476867675781, 0.0011508464813232422, 0.0031952857971191406, 0.0019919872283935547, 0.0011372566223144531, 0.0041790008544921875, 0.0011677742004394531, 0.004297494888305664], max_time = 0.004297494888305664
input 30: successful attacks = 1, inputs = [['36']], input deviations = [['19.972571163877042']], output change = ['15.431038121256535'], times = [0.0011410713195800781], max_time = 0.0011410713195800781
input 31: successful attacks = 1, inputs = [['36']], input deviations = [['19.97270711269471']], output change = ['15.431143156876232'], times = [0.0011930465698242188], max_time = 0.0011930465698242188
input 32: successful attacks = 1, inputs = [['36']], input deviations = [['19.97317299724272']], output change = ['15.431503104634544'], times = [0.001186370849609375], max_time = 0.001186370849609375
input 33: successful attacks = 1, inputs = [['36']], input deviations = [['19.972929904359244']], output change = ['15.431315288277801'], times = [0.0011997222900390625], max_time = 0.0011997222900390625
input 34: successful attacks = 1, inputs = [['36']], input deviations = [['19.974606300531818']], output change = ['15.432610491235494'], times = [0.0011563301086425781], max_time = 0.0011563301086425781
input 35: successful attacks = 1, inputs = [['36']], input deviations = [['19.97316985563755']], output change = ['15.431500677394382'], times = [0.0012226104736328125], max_time = 0.0012226104736328125
input 36: successful attacks = 1, inputs = [['36']], input deviations = [['19.97266376534789']], output change = ['15.43110966621768'], times = [0.0011963844299316406], max_time = 0.0011963844299316406
input 37: successful attacks = 1, inputs = [['36']], input deviations = [['19.974360239155956']], output change = ['15.432420381387345'], times = [0.0011799335479736328], max_time = 0.0011799335479736328
input 38: successful attacks = 1, inputs = [['36']], input deviations = [['19.97394319280635']], output change = ['15.432098166582534'], times = [0.0012173652648925781], max_time = 0.0012173652648925781
input 39: successful attacks = 1, inputs = [['36']], input deviations = [['19.974137045086177']], output change = ['15.43224793908297'], times = [0.0011544227600097656], max_time = 0.0011544227600097656
input 40: successful attacks = 1, inputs = [['36']], input deviations = [['19.974629791639707']], output change = ['15.4326286407356'], times = [0.0012166500091552734], max_time = 0.0012166500091552734
input 41: successful attacks = 1, inputs = [['36']], input deviations = [['19.97553755049303']], output change = ['15.43332998566288'], times = [0.0011599063873291016], max_time = 0.0011599063873291016
input 42: successful attacks = 1, inputs = [['36']], input deviations = [['19.975302481396348']], output change = ['15.433148368575957'], times = [0.00118255615234375], max_time = 0.00118255615234375
input 43: successful attacks = 1, inputs = [['36']], input deviations = [['19.976500046885995']], output change = ['15.434073621442536'], times = [0.0011959075927734375], max_time = 0.0011959075927734375
input 44: successful attacks = 1, inputs = [['36']], input deviations = [['19.977047975501854']], output change = ['15.43449695739119'], times = [0.0012159347534179688], max_time = 0.0012159347534179688
input 45: successful attacks = 1, inputs = [['36']], input deviations = [['19.97605536476083']], output change = ['15.433730054919863'], times = [0.0011963844299316406], max_time = 0.0011963844299316406
input 46: successful attacks = 1, inputs = [['36']], input deviations = [['19.978246606634176']], output change = ['15.435423033585522'], times = [0.001180887222290039], max_time = 0.001180887222290039
input 47: successful attacks = 1, inputs = [['36']], input deviations = [['19.977990263224175']], output change = ['15.435224979719663'], times = [0.0012502670288085938], max_time = 0.0012502670288085938
input 48: successful attacks = 1, inputs = [['36']], input deviations = [['19.978567831363115']], output change = ['15.435671215504499'], times = [0.0011913776397705078], max_time = 0.0011913776397705078
input 49: successful attacks = 1, inputs = [['36']], input deviations = [['19.979169884591577']], output change = ['15.436136368750965'], times = [0.0011928081512451172], max_time = 0.0011928081512451172
input 50: successful attacks = 1, inputs = [['36']], input deviations = [['19.978891004855797']], output change = ['15.435920903060776'], times = [0.0011866092681884766], max_time = 0.0011866092681884766
input 51: successful attacks = 1, inputs = [['36']], input deviations = [['19.978273217530273']], output change = ['15.435443593469898'], times = [0.0012006759643554688], max_time = 0.0012006759643554688
input 52: successful attacks = 1, inputs = [['36']], input deviations = [['19.979083739191204']], output change = ['15.436069811824353'], times = [0.0011544227600097656], max_time = 0.0011544227600097656
input 53: successful attacks = 1, inputs = [['36']], input deviations = [['19.979502877809423']], output change = ['15.436393643139922'], times = [0.0011868476867675781], max_time = 0.0011868476867675781
input 54: successful attacks = 1, inputs = [['36']], input deviations = [['19.979517049150573']], output change = ['15.436404592080919'], times = [0.00115203857421875], max_time = 0.00115203857421875
input 55: successful attacks = 1, inputs = [['36']], input deviations = [['19.9813135368761']], output change = ['15.437792579153296'], times = [0.0011980533599853516], max_time = 0.0011980533599853516
input 56: successful attacks = 1, inputs = [['36']], input deviations = [['19.98080560919206']], output change = ['15.437400148384626'], times = [0.0012102127075195312], max_time = 0.0012102127075195312
input 57: successful attacks = 1, inputs = [['36']], input deviations = [['19.980771416558575']], output change = ['15.437373730762886'], times = [0.0011935234069824219], max_time = 0.0011935234069824219
input 58: successful attacks = 1, inputs = [['36']], input deviations = [['19.9812557287071']], output change = ['15.43774791589729'], times = [0.0011792182922363281], max_time = 0.0011792182922363281
input 59: successful attacks = 1, inputs = [['36']], input deviations = [['19.980418139328844']], output change = ['15.437100784713266'], times = [0.0011484622955322266], max_time = 0.0011484622955322266
input 60: successful attacks = 1, inputs = [['36']], input deviations = [['19.980750195860253']], output change = ['15.437357335407398'], times = [0.0011594295501708984], max_time = 0.0011594295501708984
input 61: successful attacks = 1, inputs = [['36']], input deviations = [['19.982208327509632']], output change = ['15.438483904684887'], times = [0.001163482666015625], max_time = 0.001163482666015625
input 62: successful attacks = 1, inputs = [['36']], input deviations = [['19.982165601219602']], output change = ['15.43845089386204'], times = [0.0012314319610595703], max_time = 0.0012314319610595703
input 63: successful attacks = 1, inputs = [['36']], input deviations = [['19.981958190081176']], output change = ['15.438290645631696'], times = [0.0011608600616455078], max_time = 0.0011608600616455078
input 64: successful attacks = 1, inputs = [['36']], input deviations = [['19.981462090727707']], output change = ['15.437907353567198'], times = [0.0011920928955078125], max_time = 0.0011920928955078125
input 65: successful attacks = 1, inputs = [['36']], input deviations = [['19.981811624885303']], output change = ['15.438177407676164'], times = [0.0011813640594482422], max_time = 0.0011813640594482422
input 66: successful attacks = 1, inputs = [['36']], input deviations = [['19.98151247919115']], output change = ['15.43794628427338'], times = [0.0012183189392089844], max_time = 0.0012183189392089844
input 67: successful attacks = 1, inputs = [['36']], input deviations = [['19.981354959542124']], output change = ['15.437824582781417'], times = [0.0012388229370117188], max_time = 0.0012388229370117188
input 68: successful attacks = 1, inputs = [['36']], input deviations = [['19.98197979976402']], output change = ['15.438307341521096'], times = [0.0011882781982421875], max_time = 0.0011882781982421875
input 69: successful attacks = 1, inputs = [['36']], input deviations = [['19.98193066407546']], output change = ['15.43826937872322'], times = [0.0012063980102539062], max_time = 0.0012063980102539062
input 70: successful attacks = 1, inputs = [['36']], input deviations = [['19.981577367028923']], output change = ['15.437996417362939'], times = [0.0011436939239501953], max_time = 0.0011436939239501953
input 71: successful attacks = 1, inputs = [['36']], input deviations = [['19.982303319370104']], output change = ['15.438557296488511'], times = [0.001199483871459961], max_time = 0.001199483871459961
input 72: successful attacks = 1, inputs = [['36']], input deviations = [['19.98227106152894']], output change = ['15.438532373709535'], times = [0.0011844635009765625], max_time = 0.0011844635009765625
input 73: successful attacks = 1, inputs = [['36']], input deviations = [['19.983034729809226']], output change = ['15.43912239260331'], times = [0.001186370849609375], max_time = 0.001186370849609375
input 74: successful attacks = 1, inputs = [['36']], input deviations = [['19.98217326245934']], output change = ['15.438456813023919'], times = [0.001180887222290039], max_time = 0.001180887222290039
input 75: successful attacks = 1, inputs = [['36']], input deviations = [['19.98142762565033']], output change = ['15.437880725452118'], times = [0.0011546611785888672], max_time = 0.0011546611785888672
input 76: successful attacks = 1, inputs = [['36']], input deviations = [['19.980997850398868']], output change = ['15.43754867615138'], times = [0.001180887222290039], max_time = 0.001180887222290039
input 77: successful attacks = 1, inputs = [['36']], input deviations = [['19.981517307762232']], output change = ['15.43795001488283'], times = [0.0011892318725585938], max_time = 0.0011892318725585938
input 78: successful attacks = 1, inputs = [['36']], input deviations = [['19.981500198223372']], output change = ['15.437936795856473'], times = [0.001184225082397461], max_time = 0.001184225082397461
input 79: successful attacks = 1, inputs = [['36']], input deviations = [['19.98154416960497']], output change = ['15.437970768651496'], times = [0.0012218952178955078], max_time = 0.0012218952178955078
input 80: successful attacks = 1, inputs = [['36']], input deviations = [['19.98175658665216']], output change = ['15.438134884504422'], times = [0.0012097358703613281], max_time = 0.0012097358703613281
input 81: successful attacks = 1, inputs = [['36']], input deviations = [['19.980226403451738']], output change = ['15.436952647369992'], times = [0.0011987686157226562], max_time = 0.0011987686157226562
input 82: successful attacks = 1, inputs = [['36']], input deviations = [['19.98113381135886']], output change = ['15.437653721152344'], times = [0.0011608600616455078], max_time = 0.0011608600616455078
input 83: successful attacks = 1, inputs = [['36']], input deviations = [['19.98063750789192']], output change = ['15.437270271387291'], times = [0.0012028217315673828], max_time = 0.0012028217315673828
input 84: successful attacks = 1, inputs = [['36']], input deviations = [['19.97967834448617']], output change = ['15.436529210711768'], times = [0.0011489391326904297], max_time = 0.0011489391326904297
input 85: successful attacks = 1, inputs = [['36']], input deviations = [['19.9792952457801']], output change = ['15.436233224246706'], times = [0.001177072525024414], max_time = 0.001177072525024414
input 86: successful attacks = 1, inputs = [['36']], input deviations = [['19.978661648720585']], output change = ['15.435743699873541'], times = [0.0011928081512451172], max_time = 0.0011928081512451172
input 87: successful attacks = 1, inputs = [['36']], input deviations = [['19.979064567564446']], output change = ['15.436054999605005'], times = [0.0011990070343017578], max_time = 0.0011990070343017578
input 88: successful attacks = 1, inputs = [['36']], input deviations = [['19.97932981593402']], output change = ['15.436259933545074'], times = [0.0011892318725585938], max_time = 0.0011892318725585938
input 89: successful attacks = 1, inputs = [['36']], input deviations = [['19.980143039656316']], output change = ['15.43688823954318'], times = [0.0011987686157226562], max_time = 0.0011987686157226562
input 90: successful attacks = 1, inputs = [['36']], input deviations = [['19.979810232543304']], output change = ['15.436631108941071'], times = [0.0011534690856933594], max_time = 0.0011534690856933594
input 91: successful attacks = 1, inputs = [['36']], input deviations = [['19.978235433852273']], output change = ['15.435414401365847'], times = [0.0011568069458007812], max_time = 0.0011568069458007812
input 92: successful attacks = 1, inputs = [['36']], input deviations = [['19.978781028108386']], output change = ['15.43583593376124'], times = [0.0012133121490478516], max_time = 0.0012133121490478516
input 93: successful attacks = 1, inputs = [['36']], input deviations = [['19.97817908175062']], output change = ['15.435370863084103'], times = [0.0011932849884033203], max_time = 0.0011932849884033203
input 94: successful attacks = 1, inputs = [['36']], input deviations = [['19.97781790905808']], output change = ['15.435091816909278'], times = [0.0012276172637939453], max_time = 0.0012276172637939453
input 95: successful attacks = 1, inputs = [['36']], input deviations = [['19.976772793071987']], output change = ['15.43428434828192'], times = [0.001186370849609375], max_time = 0.001186370849609375
input 96: successful attacks = 1, inputs = [['36']], input deviations = [['19.977721677796804']], output change = ['15.435017467530315'], times = [0.0012102127075195312], max_time = 0.0012102127075195312
input 97: successful attacks = 1, inputs = [['36']], input deviations = [['19.976090516333816']], output change = ['15.433757213429118'], times = [0.0012094974517822266], max_time = 0.0012094974517822266
input 98: successful attacks = 1, inputs = [['36']], input deviations = [['19.975986840182397']], output change = ['15.433677112042602'], times = [0.00116729736328125], max_time = 0.00116729736328125
input 99: successful attacks = 1, inputs = [['36']], input deviations = [['19.976744253138495']], output change = ['15.434262298001158'], times = [0.0012624263763427734], max_time = 0.0012624263763427734
input 100: successful attacks = 1, inputs = [['36']], input deviations = [['19.97654285098222']], output change = ['15.434106692379544'], times = [0.001157999038696289], max_time = 0.001157999038696289
input 101: successful attacks = 1, inputs = [['36']], input deviations = [['19.975983449959063']], output change = ['15.433674492717131'], times = [0.001191854476928711], max_time = 0.001191854476928711
input 102: successful attacks = 1, inputs = [['36']], input deviations = [['19.975792587684282']], output change = ['15.433527030329145'], times = [0.0011606216430664062], max_time = 0.0011606216430664062
input 103: successful attacks = 1, inputs = [['36']], input deviations = [['19.974946329923938']], output change = ['15.432873201853596'], times = [0.0012085437774658203], max_time = 0.0012085437774658203
input 104: successful attacks = 1, inputs = [['36']], input deviations = [['19.974802612434804']], output change = ['15.43276216406906'], times = [0.0011568069458007812], max_time = 0.0011568069458007812
input 105: successful attacks = 1, inputs = [['36']], input deviations = [['19.974710751511402']], output change = ['15.43269119126333'], times = [0.0011665821075439453], max_time = 0.0011665821075439453
input 106: successful attacks = 1, inputs = [['36']], input deviations = [['19.9733871618152']], output change = ['15.431668570645712'], times = [0.0011484622955322266], max_time = 0.0011484622955322266
input 107: successful attacks = 1, inputs = [['36']], input deviations = [['19.973874382343066']], output change = ['15.432045002827437'], times = [0.001153707504272461], max_time = 0.001153707504272461
input 108: successful attacks = 1, inputs = [['36']], input deviations = [['19.973633181011383']], output change = ['15.431858647905244'], times = [0.0011794567108154297], max_time = 0.0011794567108154297
input 109: successful attacks = 1, inputs = [['36']], input deviations = [['19.971936773863263']], output change = ['15.430547984237705'], times = [0.001177072525024414], max_time = 0.001177072525024414
input 110: successful attacks = 1, inputs = [['36']], input deviations = [['19.97192672998468']], output change = ['15.430540224221744'], times = [0.001192331314086914], max_time = 0.001192331314086914
input 111: successful attacks = 1, inputs = [['36']], input deviations = [['19.973283763155045']], output change = ['15.431588683651967'], times = [0.0011987686157226562], max_time = 0.0011987686157226562
input 112: successful attacks = 1, inputs = [['36']], input deviations = [['19.971934370921552']], output change = ['15.430546127697426'], times = [0.001220703125], max_time = 0.001220703125
input 113: successful attacks = 1, inputs = [['36']], input deviations = [['19.970894258070004']], output change = ['15.429742524549397'], times = [0.001177072525024414], max_time = 0.001177072525024414
input 114: successful attacks = 1, inputs = [['36']], input deviations = [['19.971664301078643']], output change = ['15.430337468631649'], times = [0.0011882781982421875], max_time = 0.0011882781982421875
input 115: successful attacks = 1, inputs = [['36']], input deviations = [['19.971283058546597']], output change = ['15.43004291626795'], times = [0.0011906623840332031], max_time = 0.0011906623840332031
input 116: successful attacks = 1, inputs = [['36']], input deviations = [['19.970898430755046']], output change = ['15.429745748413893'], times = [0.0011632442474365234], max_time = 0.0011632442474365234
input 117: successful attacks = 1, inputs = [['36']], input deviations = [['19.971778446473035']], output change = ['15.43042565867583'], times = [0.001210927963256836], max_time = 0.001210927963256836
input 118: successful attacks = 1, inputs = [['36']], input deviations = [['19.970603924285875']], output change = ['15.429518209329643'], times = [0.0011866092681884766], max_time = 0.0011866092681884766
input 119: successful attacks = 1, inputs = [['36']], input deviations = [['19.96945749290702']], output change = ['15.428632463264876'], times = [0.001216888427734375], max_time = 0.001216888427734375
input 120: successful attacks = 1, inputs = [['36']], input deviations = [['19.969132413880196']], output change = ['15.428381303470957'], times = [0.0011723041534423828], max_time = 0.0011723041534423828
input 121: successful attacks = 1, inputs = [['36']], input deviations = [['19.968381378928882']], output change = ['15.427801045232513'], times = [0.0011889934539794922], max_time = 0.0011889934539794922
input 122: successful attacks = 1, inputs = [['36']], input deviations = [['19.968577302504283']], output change = ['15.427952418039439'], times = [0.0011641979217529297], max_time = 0.0011641979217529297
input 123: successful attacks = 1, inputs = [['36']], input deviations = [['19.968402748067767']], output change = ['15.4278175552748'], times = [0.0012066364288330078], max_time = 0.0012066364288330078
input 124: successful attacks = 1, inputs = [['36']], input deviations = [['19.968264826511977']], output change = ['15.427710995494948'], times = [0.0011987686157226562], max_time = 0.0011987686157226562
input 125: successful attacks = 1, inputs = [['36']], input deviations = [['19.968610924149193']], output change = ['15.42797839450887'], times = [0.0012047290802001953], max_time = 0.0012047290802001953
input 126: successful attacks = 1, inputs = [['36']], input deviations = [['19.968067650959814']], output change = ['15.427558655396325'], times = [0.0012173652648925781], max_time = 0.0012173652648925781
input 127: successful attacks = 1, inputs = [['36']], input deviations = [['19.967907093182568']], output change = ['15.42743460661157'], times = [0.0012042522430419922], max_time = 0.0012042522430419922
input 128: successful attacks = 1, inputs = [['36']], input deviations = [['19.966881178058312']], output change = ['15.426641972790776'], times = [0.0012187957763671875], max_time = 0.0012187957763671875
input 129: successful attacks = 1, inputs = [['36']], input deviations = [['19.966659000294044']], output change = ['15.426470315695724'], times = [0.001168966293334961], max_time = 0.001168966293334961
input 130: successful attacks = 1, inputs = [['36']], input deviations = [['19.96623369861557']], output change = ['15.426141722728858'], times = [0.001180887222290039], max_time = 0.001180887222290039
input 131: successful attacks = 1, inputs = [['36']], input deviations = [['19.976078421930925']], output change = ['15.433747869154558'], times = [0.00119781494140625], max_time = 0.00119781494140625
input 132: successful attacks = 1, inputs = [['36']], input deviations = [['19.975838068328564']], output change = ['15.433562169197785'], times = [0.0012252330780029297], max_time = 0.0012252330780029297
input 133: successful attacks = 1, inputs = [['36']], input deviations = [['19.975669837741773']], output change = ['15.43343219231221'], times = [0.0011489391326904297], max_time = 0.0011489391326904297
input 134: successful attacks = 1, inputs = [['36']], input deviations = [['19.975740863149408']], output change = ['15.433487067358783'], times = [0.0011782646179199219], max_time = 0.0011782646179199219
input 135: successful attacks = 1, inputs = [['36']], input deviations = [['19.975474342545088']], output change = ['15.433281150475437'], times = [0.0012021064758300781], max_time = 0.0012021064758300781
input 136: successful attacks = 1, inputs = [['36']], input deviations = [['19.975985137943226']], output change = ['15.433675796873104'], times = [0.001203775405883789], max_time = 0.001203775405883789
input 137: successful attacks = 1, inputs = [['36']], input deviations = [['19.97598374907861']], output change = ['15.433674723820445'], times = [0.0011816024780273438], max_time = 0.0011816024780273438
input 138: successful attacks = 4, inputs = [['36'], ['39'], ['45'], ['62']], input deviations = [['19.975567737575815'], ['19.861265870316174'], ['7.872805962390757'], ['12.735150258533876']], output change = ['15.433353308550068', '14.974511024080243', '12.02114757400247', '12.613268263059837'], times = [0.001216888427734375, 0.0015795230865478516, 0.0015103816986083984, 0.0016453266143798828], max_time = 0.0016453266143798828
input 139: successful attacks = 2, inputs = [['36'], ['52']], input deviations = [['19.976313991299968'], ['19.96861676234521']], output change = ['15.433929872757602', '11.573199793186973'], times = [0.0012087821960449219, 0.0013897418975830078], max_time = 0.0013897418975830078
input 140: successful attacks = 4, inputs = [['36'], ['39'], ['45'], ['62']], input deviations = [['19.975629158123727'], ['17.7164131352595'], ['7.022372566475241'], ['11.359157534757635']], output change = ['15.433400762771413', '13.357387466304374', '10.722603522110603', '10.471027111998211'], times = [0.0011527538299560547, 0.0015437602996826172, 0.001512289047241211, 0.002079010009765625], max_time = 0.002079010009765625
input 141: successful attacks = 1, inputs = [['36']], input deviations = [['19.975836537053766']], output change = ['15.433560986117328'], times = [0.0011637210845947266], max_time = 0.0011637210845947266
input 142: successful attacks = 2, inputs = [['36'], ['67']], input deviations = [['19.97623512444376'], ['19.84899183113465']], output change = ['15.433868939317705', '10.147398897579762'], times = [0.0011980533599853516, 0.0015590190887451172], max_time = 0.0015590190887451172
input 143: successful attacks = 4, inputs = [['36'], ['39'], ['45'], ['62']], input deviations = [['19.97567670577419'], ['17.566506336071853'], ['6.962938882100374'], ['11.262603562171627']], output change = ['15.433437498633026', '13.244364407669735', '10.631853020427997', '13.408965533732157'], times = [0.0011653900146484375, 0.0015549659729003906, 0.002359628677368164, 0.004549264907836914], max_time = 0.004549264907836914
input 144: successful attacks = 1, inputs = [['36']], input deviations = [['19.973670223152162']], output change = ['15.431887267089166'], times = [0.0012128353118896484], max_time = 0.0012128353118896484
input 145: successful attacks = 1, inputs = [['36']], input deviations = [['19.975134152464403']], output change = ['15.433018315707784'], times = [0.0012009143829345703], max_time = 0.0012009143829345703
input 146: successful attacks = 1, inputs = [['36']], input deviations = [['19.975808736757916']], output change = ['15.433539507289112'], times = [0.001188039779663086], max_time = 0.001188039779663086
input 147: successful attacks = 1, inputs = [['36']], input deviations = [['19.9752792342035']], output change = ['15.433130407527528'], times = [0.0011506080627441406], max_time = 0.0011506080627441406
input 148: successful attacks = 1, inputs = [['36']], input deviations = [['19.97463260259812']], output change = ['15.43263081251439'], times = [0.0013158321380615234], max_time = 0.0013158321380615234
input 149: successful attacks = 1, inputs = [['36']], input deviations = [['19.975029091954276']], output change = ['15.432937144749701'], times = [0.0012514591217041016], max_time = 0.0012514591217041016
input 150: successful attacks = 3, inputs = [['36'], ['39'], ['45']], input deviations = [['19.97454897078375'], ['13.764606301248705'], ['5.450894965572569']], output change = ['15.432566197613085', '17.127355469284254', '10.038236768581271'], times = [0.001177072525024414, 0.004379987716674805, 0.0015230178833007812], max_time = 0.004379987716674805
input 151: successful attacks = 1, inputs = [['36']], input deviations = [['19.97395268140219']], output change = ['15.432105497580892'], times = [0.0011534690856933594], max_time = 0.0011534690856933594
input 152: successful attacks = 1, inputs = [['36']], input deviations = [['19.974787500174045']], output change = ['15.432750488162469'], times = [0.001168966293334961], max_time = 0.001168966293334961
input 153: successful attacks = 1, inputs = [['36']], input deviations = [['19.974471422297437']], output change = ['15.432506282760755'], times = [0.0011899471282958984], max_time = 0.0011899471282958984
input 154: successful attacks = 1, inputs = [['36']], input deviations = [['19.97465297414275']], output change = ['15.432646551803941'], times = [0.0011932849884033203], max_time = 0.0011932849884033203
input 155: successful attacks = 1, inputs = [['36']], input deviations = [['19.974581449022203']], output change = ['15.432591290673429'], times = [0.001180887222290039], max_time = 0.001180887222290039
input 156: successful attacks = 1, inputs = [['36']], input deviations = [['19.975075914218543']], output change = ['15.432973320169424'], times = [0.0011556148529052734], max_time = 0.0011556148529052734
input 157: successful attacks = 1, inputs = [['36']], input deviations = [['19.974748917861902']], output change = ['15.432720679024442'], times = [0.0011792182922363281], max_time = 0.0011792182922363281
input 158: successful attacks = 1, inputs = [['36']], input deviations = [['19.974635139813156']], output change = ['15.432632772795898'], times = [0.0011456012725830078], max_time = 0.0011456012725830078
input 159: successful attacks = 1, inputs = [['36']], input deviations = [['19.974293277276125']], output change = ['15.432368645869133'], times = [0.001207590103149414], max_time = 0.001207590103149414
input 160: successful attacks = 1, inputs = [['36']], input deviations = [['19.974125841171084']], output change = ['15.432239282809235'], times = [0.0011868476867675781], max_time = 0.0011868476867675781
input 161: successful attacks = 1, inputs = [['36']], input deviations = [['19.97490362250221']], output change = ['15.4328402056083'], times = [0.0011653900146484375], max_time = 0.0011653900146484375
input 162: successful attacks = 1, inputs = [['36']], input deviations = [['19.973824043276636']], output change = ['15.432006110285926'], times = [0.0012154579162597656], max_time = 0.0012154579162597656
input 163: successful attacks = 1, inputs = [['36']], input deviations = [['19.974250686311116']], output change = ['15.432335739599807'], times = [0.001188516616821289], max_time = 0.001188516616821289
input 164: successful attacks = 1, inputs = [['36']], input deviations = [['19.974703052057656']], output change = ['15.432685242576838'], times = [0.0011734962463378906], max_time = 0.0011734962463378906
input 165: successful attacks = 1, inputs = [['36']], input deviations = [['19.973716682432233']], output change = ['15.431923162063299'], times = [0.0011518001556396484], max_time = 0.0011518001556396484
input 166: successful attacks = 1, inputs = [['36']], input deviations = [['19.973613584326117']], output change = ['15.431843507281002'], times = [0.001184701919555664], max_time = 0.001184701919555664
input 167: successful attacks = 1, inputs = [['36']], input deviations = [['19.973664788041102']], output change = ['15.431883067859928'], times = [0.0012059211730957031], max_time = 0.0012059211730957031
input 168: successful attacks = 1, inputs = [['36']], input deviations = [['19.973881844034874']], output change = ['15.432050767816435'], times = [0.001180887222290039], max_time = 0.001180887222290039
input 169: successful attacks = 1, inputs = [['36']], input deviations = [['19.97365394583253']], output change = ['15.431874691044925'], times = [0.0011453628540039062], max_time = 0.0011453628540039062
input 170: successful attacks = 1, inputs = [['36']], input deviations = [['19.97520721116089']], output change = ['15.433074761696645'], times = [0.0011701583862304688], max_time = 0.0011701583862304688
input 171: successful attacks = 1, inputs = [['36']], input deviations = [['19.974466273603383']], output change = ['15.432502304820588'], times = [0.0011744499206542969], max_time = 0.0011744499206542969
input 172: successful attacks = 1, inputs = [['36']], input deviations = [['19.97481603572431']], output change = ['15.432772535056756'], times = [0.0012140274047851562], max_time = 0.0012140274047851562
input 173: successful attacks = 1, inputs = [['36']], input deviations = [['19.97499838805556']], output change = ['15.432913422564468'], times = [0.0011882781982421875], max_time = 0.0011882781982421875
input 174: successful attacks = 1, inputs = [['36']], input deviations = [['19.974925802455076']], output change = ['15.432857342094906'], times = [0.0011563301086425781], max_time = 0.0011563301086425781
input 175: successful attacks = 1, inputs = [['36']], input deviations = [['19.97475814637439']], output change = ['15.432727809079239'], times = [0.0011801719665527344], max_time = 0.0011801719665527344
input 176: successful attacks = 1, inputs = [['36']], input deviations = [['19.97508260076343']], output change = ['15.432978486270827'], times = [0.001184701919555664], max_time = 0.001184701919555664
input 177: successful attacks = 1, inputs = [['36']], input deviations = [['19.974976540365226']], output change = ['15.43289654278766'], times = [0.0011878013610839844], max_time = 0.0011878013610839844
input 178: successful attacks = 1, inputs = [['36']], input deviations = [['19.973925468752082']], output change = ['15.432084472774477'], times = [0.0011525154113769531], max_time = 0.0011525154113769531
input 179: successful attacks = 1, inputs = [['36']], input deviations = [['19.97506014841751']], output change = ['15.43296113933016'], times = [0.0011792182922363281], max_time = 0.0011792182922363281
input 180: successful attacks = 1, inputs = [['36']], input deviations = [['19.975537271562306']], output change = ['15.433329770157684'], times = [0.0011720657348632812], max_time = 0.0011720657348632812
input 181: successful attacks = 1, inputs = [['36']], input deviations = [['19.97396962745648']], output change = ['15.432118590297222'], times = [0.0011925697326660156], max_time = 0.0011925697326660156
input 182: successful attacks = 1, inputs = [['36']], input deviations = [['19.973342610580204']], output change = ['15.431634149849202'], times = [0.0012059211730957031], max_time = 0.0012059211730957031
input 183: successful attacks = 1, inputs = [['36']], input deviations = [['19.973536342587998']], output change = ['15.431783829425967'], times = [0.0011878013610839844], max_time = 0.0011878013610839844
input 184: successful attacks = 1, inputs = [['36']], input deviations = [['19.972915395515393']], output change = ['15.431304078578336'], times = [0.001203775405883789], max_time = 0.001203775405883789
input 185: successful attacks = 1, inputs = [['36']], input deviations = [['19.97320544226631']], output change = ['15.43152817203287'], times = [0.0012211799621582031], max_time = 0.0012211799621582031
input 186: successful attacks = 1, inputs = [['36']], input deviations = [['19.974639119440006']], output change = ['15.432635847501246'], times = [0.0011854171752929688], max_time = 0.0011854171752929688
input 187: successful attacks = 1, inputs = [['36']], input deviations = [['19.973314925109513']], output change = ['15.431612759736396'], times = [0.0011832714080810547], max_time = 0.0011832714080810547
input 188: successful attacks = 1, inputs = [['36']], input deviations = [['19.973266682151475']], output change = ['15.431575486672273'], times = [0.0011723041534423828], max_time = 0.0011723041534423828
input 189: successful attacks = 1, inputs = [['36']], input deviations = [['19.97390136313154']], output change = ['15.43206584849483'], times = [0.0011975765228271484], max_time = 0.0011975765228271484
input 190: successful attacks = 1, inputs = [['36']], input deviations = [['19.973414225066787']], output change = ['15.431689480025057'], times = [0.0011801719665527344], max_time = 0.0011801719665527344
input 191: successful attacks = 1, inputs = [['36']], input deviations = [['19.973704877489517']], output change = ['15.431914041428712'], times = [0.0012221336364746094], max_time = 0.0012221336364746094
input 192: successful attacks = 1, inputs = [['36']], input deviations = [['19.973987617508236']], output change = ['15.432132489618056'], times = [0.0011930465698242188], max_time = 0.0011930465698242188
input 193: successful attacks = 1, inputs = [['36']], input deviations = [['19.97269772401003']], output change = ['15.431135903070498'], times = [0.0012226104736328125], max_time = 0.0012226104736328125
input 194: successful attacks = 1, inputs = [['36']], input deviations = [['19.97307767017234']], output change = ['15.431429453844032'], times = [0.001184225082397461], max_time = 0.001184225082397461
input 195: successful attacks = 1, inputs = [['36']], input deviations = [['19.973443442040498']], output change = ['15.431712053394875'], times = [0.0012063980102539062], max_time = 0.0012063980102539062
input 196: successful attacks = 1, inputs = [['36']], input deviations = [['19.97142427884424']], output change = ['15.430152024693626'], times = [0.0011653900146484375], max_time = 0.0011653900146484375
input 197: successful attacks = 1, inputs = [['36']], input deviations = [['19.970927704248197']], output change = ['15.42976836545111'], times = [0.0012035369873046875], max_time = 0.0012035369873046875
input 198: successful attacks = 1, inputs = [['36']], input deviations = [['19.971447168753702']], output change = ['15.43016970970092'], times = [0.0011858940124511719], max_time = 0.0011858940124511719
input 199: successful attacks = 1, inputs = [['36']], input deviations = [['19.971320752286346']], output change = ['15.430072038884731'], times = [0.0011632442474365234], max_time = 0.0011632442474365234
input 200: successful attacks = 1, inputs = [['36']], input deviations = [['19.97126330519548']], output change = ['15.430027654601702'], times = [0.0012087821960449219], max_time = 0.0012087821960449219
input 201: successful attacks = 1, inputs = [['36']], input deviations = [['19.97180505475317']], output change = ['15.430446216538826'], times = [0.0011539459228515625], max_time = 0.0011539459228515625
